doi,publication_date,title,data_doi,prefix
10.1371/journal.pgen.1000052,2008-04-11,A Genome-Wide Gene Expression Signature of Environmental Geography in Leukocytes of Moroccan Amazighs,10.5061/DRYAD.481,10.5061
10.1371/journal.pone.0000308,2007-03-21,Sharing Detailed Research Data Is Associated with Increased Citation Rate,10.5061/DRYAD.J2C4G,10.5061
10.1371/journal.pone.0001745,2008-03-05,Seed Dispersal Anachronisms: Rethinking the Fruits Extinct Megafauna Ate,10.5061/DRYAD.BG6FN,10.5061
10.1371/journal.ppat.1000105,2008-07-18,Anti-Fungal Innate Immunity in C. elegans Is Enhanced by Evolutionary Diversification of Antimicrobial Peptides,10.4123/SIDR.000004T.RP,10.4123
10.1371/journal.ppat.1000446,2009-05-29,A New Malaria Agent in African Hominids,10.5061/DRYAD.8515,10.5061
10.1371/journal.pone.0005795,2009-06-04,An Integrated Genetic and Cytogenetic Map of the Cucumber Genome,10.5524/100025,10.5524
10.1371/journal.pgen.1000578,2009-07-24,Positive Epistasis Drives the Acquisition of Multidrug Resistance,10.5061/DRYAD.20K7J,10.5061
10.1371/journal.pcbi.1000559,2009-11-06,Looking at Cerebellar Malformations through Text-Mined Interactomes of Mice and Humans,10.5061/DRYAD.D48HQ,10.5061
10.1371/journal.pone.0008264,2009-12-16,The Secret Life of Oilbirds: New Insights into the Movement Ecology of a Unique Avian Frugivore,10.5441/001/1.35FS26KQ/1,10.5441
10.1371/journal.pone.0008410,2009-12-22,Substantial Contribution of Submicroscopical Plasmodium falciparum Gametocyte Carriage to the Infectious Reservoir in an Area of Seasonal Transmission,10.5061/DRYAD.HV01F,10.5061
10.1371/journal.pgen.1000819,2010-01-22,Nonsense-Mediated Decay Enables Intron Gain in Drosophila,10.5061/DRYAD.1205,10.5061
10.1371/journal.pbio.1000385,2010-06-01,Distorted Views of Biodiversity: Spatial and Temporal Bias in Species Occurrence Data,10.5061/DRYAD.1464,10.5061
10.1371/journal.pone.0011212,2010-06-18,Rapid Microsatellite Isolation from a Butterfly by De Novo Transcriptome Sequencing: Performance and a Comparison with AFLP-Derived Distances,10.5061/DRYAD.1540,10.5061
10.1371/journal.pone.0011362,2010-06-29,Response of the Arctic Pteropod Limacina helicina to Projected Future Environmental Conditions,10.1594/PANGAEA.744718,10.1594
10.1371/journal.pone.0012090,2010-08-09,An Ancient Origin for the Enigmatic Flat-Headed Frogs (Bombinatoridae: Barbourula) from the Islands of Southeast Asia,10.5061/DRYAD.1914,10.5061
10.1371/journal.pone.0013038,2010-09-30,Insights into the Genetic History of French Cattle from Dense SNP Data on 47 Worldwide Breeds,10.5061/DRYAD.2F185,10.5061
10.1371/journal.pbio.1000533,2010-11-09,The DNA Methylome of Human Peripheral Blood Mononuclear Cells,10.5524/100014,10.5524
10.1371/journal.pcbi.1000957,2010-11-04,Exploring the Universe of Protein Structures beyond the Protein Data Bank,10.5061/DRYAD.1922,10.5061
10.1371/journal.pone.0014521,2011-01-17,Coral Larvae under Ocean Acidification: Survival,10.1594/PANGAEA.771296,10.1594
10.1371/journal.pone.0017045,2011-02-10,Reference Data for the Ruff Figural Fluency Test Stratified by Age and Educational Level,10.5061/DRYAD.RR138,10.5061
10.1371/journal.pone.0017789,2011-03-09,Influence of Salinity on Bacterioplankton Communities from the\n                    Brazilian Rain Forest to the Coastal Atlantic Ocean,10.5061/DRYAD.J1H3CS3P,10.5061
10.1371/journal.pone.0018011,2011-03-18,Stalking the Fourth Domain in Metagenomic Data: Searching for,10.5061/DRYAD.8384,10.5061
10.1371/journal.pone.0018927,2011-04-27,Citizen Science Reveals Unexpected Continental-Scale Evolutionary Change in a Model Organism,10.5061/DRYAD.P7H802R0,10.5061
10.1371/journal.pone.0019231,2011-04-29,Methodological Challenges in Assessing the Environmental Status of a\n                    Marine Ecosystem: Case Study of the Baltic Sea,10.5281/ZENODO.7542,10.5281
10.1371/journal.pone.0019171,2011-04-29,Model Sensitivity and Use of the Comparative Finite Element Method in Mammalian Jaw Mechanics: Mandible Performance in the Gray Wolf,10.5061/DRYAD.8961,10.5061
10.1371/journal.pone.0019479,2011-05-06,A Passerine Bird's Evolution Corroborates the Geologic History of the Island of New Guinea,10.5061/DRYAD.GN1V3,10.5061
10.1371/journal.pone.0020094,2011-05-18,Meiofauna in the Gollum Channels and the Whittard Canyon,10.1594/PANGAEA.776718,10.1594
10.1371/journal.pone.0021101,2011-06-29,Data Sharing by Scientists: Practices and Perceptions,10.5061/DRYAD.6T94P,10.5061
10.1371/journal.pone.0018657,2011-07-13,Who Shares? Who Doesn't? Factors Associated with Openly Archiving Raw Research Data,10.5061/DRYAD.MF1SD,10.5061
10.1371/journal.pone.0022937,2011-08-03,Asymmetric Dispersal and Colonization Success of Amazonian Plant-Ants Queens,10.5061/DRYAD.H6T7G,10.5061
10.1371/journal.pone.0022736,2011-07-28,Ocean Acidification Affects Prey Detection by a Predatory Reef Fish,10.1594/PANGAEA.779705,10.1594
10.1371/journal.pone.0022392,2011-08-04,A Comparative Survey of the Frequency and Distribution of Polymorphism in the Genome of Xenopus tropicalis,10.5061/DRYAD.742J4,10.5061
10.1371/journal.pone.0022385,2011-08-03,Homing Pigeons Only Navigate in Air with Intact Environmental Odours: A Test of the Olfactory Activation Hypothesis with GPS Data Loggers,10.5441/001/1.Q8B02DC5/3,10.5441
10.1371/journal.pone.0023010,2011-08-10,Effect of Carbonate Chemistry Alteration on the Early Embryonic Development of the Pacific Oyster (Crassostrea gigas),10.1594/PANGAEA.769727,10.1594
10.1371/journal.pgen.1002280,2011-09-15,Phased Whole-Genome Genetic Risk in a Family Quartet Using a Major Allele Reference Sequence,10.5061/DRYAD.34Q0D,10.5061
10.1371/journal.pone.0025024,2011-09-16,Coral Uptake of Inorganic Phosphorus and Nitrogen Negatively Affected by Simultaneous Changes in Temperature and pH,10.1594/PANGAEA.771571,10.1594
10.1371/journal.pone.0024223,2011-09-16,Food Supply and Seawater pCO<sub>2</sub> Impact Calcification and Internal Shell Dissolution in the Blue Mussel Mytilus edulis,10.1594/PANGAEA.770479,10.1594
10.1371/journal.pone.0025766,2011-10-03,Rapid Environmental Change over the Past Decade Revealed by Isotopic Analysis of the California Mussel in the Northeast Pacific,10.1594/PANGAEA.832860,10.1594
10.1371/journal.pone.0027052,2011-11-09,Noise Pollution Filters Bird Communities Based on Vocal Frequency,10.5061/DRYAD.75NN1932,10.5061
10.1371/journal.pone.0029535,2011-12-22,A Connection between Colony Biomass and Death in Caribbean Reef-Building Corals,10.5061/DRYAD.GM005FG8,10.5061
10.1371/journal.pone.0029568,2012-01-09,Stable Photosymbiotic Relationship under CO<sub>2</sub>-Induced Acidification in the Acoel Worm Symsagittifera Roscoffensis,10.1594/PANGAEA.774445,10.1594
10.1371/journal.pone.0029674,2012-01-17,Small-Scale Variation in Fuel Loads Differentially Affects Two Co-Dominant Bunchgrasses in a Species-Rich Pine Savanna,10.5061/DRYAD.8272,10.5061
10.1371/journal.pone.0029212,2012-01-18,Land Management Practices Associated with House Loss in Wildfires,10.5061/DRYAD.0875Q1V2,10.5061
10.1371/journal.pone.0029843,2012-01-20,Exploiting Gene Families for Phylogenomic Analysis of Myzostomid Transcriptome Data,10.5061/DRYAD.MP924433,10.5061
10.1371/journal.pgen.1002511,2012-02-09,Ultrafast Evolution and Loss of CRISPRs Following a Host Shift in a Novel Wildlife Pathogen,10.5061/DRYAD.353TJ334,10.5061
10.1371/journal.pone.0032139,2012-02-21,Diversity Measures in Environmental Sequences Are Highly Dependent on Alignment Quality—Data from ITS and New LSU Primers Targeting Basidiomycetes,10.5061/DRYAD.4H402262,10.5061
10.1371/journal.pone.0031972,2012-02-22,Heterogeneity in Genetic Diversity among Non-Coding Loci Fails to Fit Neutral Coalescent Models of Population History,10.5061/DRYAD.NV5V1V59,10.5061
10.1371/journal.pone.0031981,2012-02-22,First Dating of a Recombination Event in Mammalian Tick-Borne Flaviviruses,10.5061/DRYAD.504636CD,10.5061
10.1371/journal.pone.0032104,2012-02-29,Prey Preference of Snow Leopard (Panthera uncia) in South Gobi,10.5061/DRYAD.BJ376F61,10.5061
10.1371/journal.pone.0032579,2012-03-07,Circumpolar Diversity and Geographic Differentiation of mtDNA in the Critically Endangered Antarctic Blue Whale (Balaenoptera musculus intermedia),10.5061/DRYAD.86PR0,10.5061
10.1371/journal.pone.0032069,2012-03-05,Adaptive Value of Phenological Traits in Stressful Environments: Predictions Based on Seed Production and Laboratory Natural Selection,10.5061/DRYAD.MB0CD1BS,10.5061
10.1371/journal.pone.0032678,2012-03-05,Charting the NF-?B Pathway Interactome Map,10.5061/DRYAD.NG730,10.5061
10.1371/journal.pbio.1001292,2012-03-27,Global Gradients in Vertebrate Diversity Predicted by Historical Area-Productivity Dynamics and Contemporary Environment,10.5061/DRYAD.45672JS4,10.5061
10.1371/journal.pone.0034028,2012-03-28,Wright's Shifting Balance Theory and the Diversification of Aposematic Signals,10.5061/DRYAD.7F4M96C3,10.5061
10.1371/journal.pbio.1001300,2012-04-03,Social Transfer of Pathogenic Fungus Promotes Active Immunisation in Ant Colonies,10.5061/DRYAD.SV37S,10.5061
10.1371/journal.pgen.1002657,2012-04-12,Deep Sequencing of Plant and Animal DNA Contained within Traditional Chinese Medicines Reveals Legality Issues and Health Safety Concerns,10.5061/DRYAD.8PS58RP2,10.5061
10.1371/journal.pone.0035692,2012-04-24,The Foraging Ecology of the Mountain Long-Eared Bat Plecotus macrobullaris Revealed with DNA Mini-Barcodes,10.5061/DRYAD.611310KT,10.5061
10.1371/journal.pone.0035643,2012-04-27,Assessment of the Food Habits of the Moroccan Dorcas Gazelle in M’Sabih Talaa,10.5061/DRYAD.6R42R366,10.5061
10.1371/journal.pone.0037083,2012-05-16,Genetic Structure and Inferences on Potential Source Areas for Bactrocera dorsalis (Hendel) Based on Mitochondrial and Microsatellite Markers,10.5061/DRYAD.5QG356QK,10.5061
10.1371/journal.pone.0037240,2012-05-15,Millipede Taxonomy after 250 Years: Classification and Taxonomic Practices in a Mega-Diverse yet Understudied Arthropod Group,10.5061/DRYAD.J9704,10.5061
10.1371/journal.pone.0036015,2012-05-17,Interactions between Soil Habitat and Geographic Range Location Affect Plant Fitness,10.5061/DRYAD.41131NS8,10.5061
10.1371/journal.ppat.1002731,2012-05-31,Experimental Evolution of Legionella pneumophila in Mouse Macrophages Leads to Strains with Altered Determinants of Environmental Survival,10.5061/DRYAD.95MT02SB,10.5061
10.1371/journal.pone.0037745,2012-05-25,Lobelia siphilitica Plants That Escape Herbivory in Time Also Have Reduced Latex Production,10.5061/DRYAD.N3F4G,10.5061
10.1371/journal.pone.0038307,2012-05-31,Pre-Partum Diet of Adult Female Bearded Seals in Years of Contrasting Ice Conditions,10.1594/PANGAEA.811213,10.1594
10.1371/journal.pone.0037346,2012-05-25,Evolution of Eye Morphology and Rhodopsin Expression in the Drosophila melanogaster Species Subgroup,10.5061/DRYAD.Q8758,10.5061
10.1371/journal.pone.0038433,2012-06-05,Molecular Phylogeny and Phylogeography of the Australian Freshwater Fish Genus Galaxiella,10.5061/DRYAD.C3G8H,10.5061
10.1371/journal.pone.0038550,2012-06-06,Dramatic Shifts in Benthic Microbial Eukaryote Communities following the Deepwater Horizon Oil Spill,10.5061/DRYAD.4SD51D4B,10.5061
10.1371/journal.pone.0038105,2012-05-31,Complex Consequences of Herbivory and Interplant Cues in Three Annual Plants,10.5061/DRYAD.F1C5J,10.5061
10.1371/journal.pone.0037105,2012-06-07,Conflicting Evolutionary Patterns Due to Mitochondrial Introgression and Multilocus Phylogeography of the Patagonian Freshwater Crab Aegla neuquensis,10.5061/DRYAD.93JS1254,10.5061
10.1371/journal.pone.0038753,2012-06-19,A Reconsideration of the Classification of the Spider Infraorder Mygalomorphae (Arachnida: Araneae) Based on Three Nuclear Genes and Morphology,10.5061/DRYAD.7SQ2J,10.5061
10.1371/journal.pcbi.1002571,2012-06-28,Virtual Patients and Sensitivity Analysis of the Guyton Model of Blood Pressure Regulation: Towards Individualized Models of Whole-Body Physiology,10.5061/DRYAD.H3S0R,10.5061
10.1371/journal.pone.0039826,2012-06-29,Oligonucleotide Primers for Targeted Amplification of Single-Copy Nuclear Genes in Apocritan Hymenoptera,10.5061/DRYAD.D73K0,10.5061
10.1371/journal.pone.0040861,2012-07-16,Breakdown of Phylogenetic Signal: A Survey of Microsatellite Densities in 454 Shotgun Sequences from 154 Non Model Eukaryote Species,10.5061/DRYAD.JD183,10.5061
10.1371/journal.pone.0040092,2012-07-13,Whole Transcriptome RNA-Seq Analysis of Breast Cancer Recurrence Risk Using Formalin-Fixed Paraffin-Embedded Tumor Tissue,10.5061/DRYAD.Q760H,10.5061
10.1371/journal.pone.0040418,2012-07-11,Evolution and Diversity of the Microviridae Viral Family through a Collection of 81 New Complete Genomes Assembled from Virome Reads,10.5061/DRYAD.8HT80,10.5061
10.1371/journal.pone.0041389,2012-07-24,Sequencing of Seven Haloarchaeal Genomes Reveals Patterns of Genomic Flux,10.5061/DRYAD.J08JP,10.5061
10.1371/journal.pone.0040803,2012-08-09,Resilient Networks of Ant-Plant Mutualists in Amazonian Forest Fragments,10.5061/DRYAD.PF2R0,10.5061
10.1371/journal.pone.0042543,2012-08-10,Not All Sequence Tags Are Created Equal: Designing and Validating Sequence Identification Tags Robust to Indels,10.5061/DRYAD.4M0V8474,10.5061
10.1371/journal.pone.0042882,2012-08-10,Selective Depletion of rRNA Enables Whole Transcriptome Profiling of Archival Fixed Tissue,10.5061/DRYAD.K83B8,10.5061
10.1371/journal.pone.0042718,2012-08-13,CO<sub>2</sub>-Driven Ocean Acidification Alters and Weakens Integrity of the Calcareous Tubes Produced by the Serpulid Tubeworm,10.1594/PANGAEA.831209,10.1594
10.1371/journal.pone.0044083,2012-08-28,The First Record of a Trans-Oceanic Sister-Group Relationship between Obligate Vertebrate Troglobites,10.5061/DRYAD.6305T,10.5061
10.1371/journal.pone.0043929,2012-08-28,Nutrient Presses and Pulses Differentially Impact Plants,10.5061/DRYAD.FB006,10.5061
10.1371/journal.pgen.1002891,2012-08-30,Genome Patterns of Selection and Introgression of Haplotypes in Natural Populations of the House Mouse (Mus musculus),10.5061/DRYAD.S3H97,10.5061
10.1371/journal.pone.0043432,2012-08-29,Transcriptome and Proteome Dynamics of a Light-Dark Synchronized Bacterial Cell Cycle,10.5061/DRYAD.8KK12,10.5061
10.1371/journal.pone.0045626,2012-09-19,A Year in Hypoxia: Epibenthic Community Responses to Severe Oxygen Deficit at a Subsea Observatory in a Coastal Inlet,10.5061/DRYAD.2S75N,10.5061
10.1371/journal.pone.0045124,2012-09-18,Ocean Acidification Accelerates Reef Bioerosion,10.1594/PANGAEA.831694,10.1594
10.1371/journal.pone.0046886,2012-10-04,East with the Night: Longitudinal Migration of the Orinoco Goose (Neochen jubata) between Manú National Park,10.5441/001/1.CT8SK835/1,10.5441
10.1371/journal.pone.0047035,2012-10-11,Small Changes in pH Have Direct Effects on Marine Bacterial Community Composition: A Microcosm Approach,10.1594/PANGAEA.832471,10.1594
10.1371/journal.pone.0047330,2012-10-09,Habitat-Associated Phylogenetic Community Patterns of Microbial Ammonia Oxidizers,10.5061/DRYAD.2K5RF,10.5061
10.1371/journal.pone.0047411,2012-10-12,Cross-Ontology Multi-level Association Rule Mining in the Gene Ontology,10.5061/DRYAD.NR353,10.5061
10.1371/journal.pone.0047220,2012-10-15,Multiple Mating But Not Recombination Causes Quantitative Increase in Offspring Genetic Diversity for Varying Genetic Architectures,10.5061/DRYAD.J57K3,10.5061
10.1371/journal.pone.0048380,2012-10-29,Major Radiations in the Evolution of Caviid Rodents: Reconciling Fossils,10.5061/DRYAD.V5P71,10.5061
10.1371/journal.pone.0048473,2012-11-06,Maternal Size and Age Shape Offspring Size in a Live-Bearing Fish,10.5061/DRYAD.RP131,10.5061
10.1371/journal.pone.0047712,2012-11-07,A Jungle in There: Bacteria in Belly Buttons are Highly Diverse,10.5061/DRYAD.Q8F74,10.5061
10.1371/journal.pone.0048374,2012-11-07,Next-Generation Sequencing for Rodent Barcoding: Species Identification from Fresh,10.5061/DRYAD.1J6V6,10.5061
10.1371/journal.pone.0048990,2012-11-07,A Phylogenomic Approach to Vertebrate Phylogeny Supports a Turtle-Archosaur Affinity and a Possible Paraphyletic Lissamphibia,10.5061/DRYAD.25J6H,10.5061
10.1371/journal.pone.0049552,2012-11-12,Phylogenetic Patterns of Geographical and Ecological Diversification in the Subgenus Drosophila,10.5061/DRYAD.V0T0D,10.5061
10.1371/journal.pone.0048577,2012-11-14,Honeybees (Apis mellifera) Learn Color Discriminations via Differential Conditioning Independent of Long Wavelength (Green) Photoreceptor Modulation,10.5061/DRYAD.G2R32,10.5061
10.1371/journal.pone.0049066,2012-11-14,Genetic Footprints of Iberian Cattle in America 500 Years after the Arrival of Columbus,10.5061/DRYAD.17GK0,10.5061
10.1371/journal.pone.0050010,2012-11-15,The O<sub>2</sub>,10.1594/PANGAEA.833612,10.1594
10.1371/journal.pone.0048358,2012-11-27,Lizards on Ice: Evidence for Multiple Refugia in Liolaemus pictus (Liolaemidae) during the Last Glacial Maximum in the Southern Andean Beech Forests,10.5061/DRYAD.853T3,10.5061
10.1371/journal.pone.0050207,2012-11-28,Differential Impact of Monsoon and Large Amplitude Internal Waves on Coral Reef Development in the Andaman Sea,10.1594/PANGAEA.831254,10.1594
10.1371/journal.pcbi.1002786,2012-11-29,How Random Is Social Behaviour? Disentangling Social Complexity through the Study of a Wild House Mouse Population,10.5061/DRYAD.C2B53,10.5061
10.1371/journal.pone.0050130,2012-11-29,Molecular Evidence Shows Low Species Diversity of Coral-Associated Hydroids in Acropora Corals,10.5061/DRYAD.G0B20,10.5061
10.1371/journal.pone.0051070,2012-12-10,A Unified Anatomy Ontology of the Vertebrate Skeletal System,10.5061/DRYAD.6BT92,10.5061
10.1371/journal.pone.0050330,2012-12-11,Barriers to Gene Flow in the Marine Environment: Insights from Two Common Intertidal Limpet Species of the Atlantic and Mediterranean,10.5061/DRYAD.8C26C,10.5061
10.1371/journal.pgen.1003097,2012-12-13,The Effective Population Size of Malaria Mosquitoes: Large Impact of Vector Control,10.5061/DRYAD.1RF75,10.5061
10.1371/journal.pone.0051360,2012-12-19,Development of an Ultra-Dense Genetic Map of the Sunflower Genome Based on Single-Feature Polymorphisms,10.5061/DRYAD.H0JG4,10.5061
10.1371/journal.pone.0052212,2012-12-26,Ocean Acidification Affects Redox-Balance and Ion-Homeostasis in the Life-Cycle Stages of Emiliania huxleyi,10.1594/PANGAEA.833669,10.1594
10.1371/journal.pone.0052224,2012-12-26,Increased Feeding and Nutrient Excretion of Adult Antarctic Krill,10.1594/PANGAEA.833685,10.1594
10.1371/journal.pone.0053590,2013-01-02,How Deep-Sea Wood Falls Sustain Chemosynthetic Life,10.1594/PANGAEA.802516,10.1594
10.1371/journal.pone.0053721,2013-01-16,Does Learning or Instinct Shape Habitat Selection?,10.5061/DRYAD.76KS0,10.5061
10.1371/journal.pone.0054721,2013-01-21,Microsatellites for the Marsh Fritillary Butterfly: De Novo Transcriptome Sequencing,10.5061/DRYAD.309T3,10.5061
10.1371/journal.pcbi.1002875,2013-01-24,Significance Analysis of Prognostic Signatures,10.5061/DRYAD.MK471,10.5061
10.1371/journal.pone.0054260,2013-01-24,Dynamics of Coral Reef Benthic Assemblages of the Abrolhos Bank,10.5061/DRYAD.MC034,10.5061
10.1371/journal.pbio.1001473,2013-01-29,The Oxytricha trifallax Macronuclear Genome: A Complex Eukaryotic Genome with 16,10.5061/DRYAD.D1013,10.5061
10.1371/journal.pone.0054848,2013-01-29,A Phylogeny of Birds Based on Over 1,10.5061/DRYAD.SD080,10.5061
10.1371/journal.pgen.1003255,2013-02-07,Transposon Variants and Their Effects on Gene Expression in Arabidopsis,10.5061/DRYAD.8674D,10.5061
10.1371/journal.pone.0056001,2013-02-07,Genetic Diversity,10.5061/DRYAD.53J31,10.5061
10.1371/journal.pone.0055661,2013-02-12,The Soundscapes of Lakes across an Urbanization Gradient,10.5061/DRYAD.F7MB0,10.5061
10.1371/journal.pone.0055674,2013-02-18,Utilizing Descriptive Statements from the Biodiversity Heritage Library to Expand the Hymenoptera Anatomy Ontology,10.5061/DRYAD.3G57K,10.5061
10.1371/journal.pone.0057169,2013-02-21,The Impact of Environmental Heterogeneity and Life Stage on the Hindgut Microbiota of Holotrichia parallela Larvae (Coleoptera: Scarabaeidae),10.5061/DRYAD.H3R16,10.5061
10.1371/journal.pone.0055846,2013-02-22,Visual Phenotype Matching: Cues to Paternity Are Present in Rhesus Macaque Faces,10.5061/DRYAD.Q6R01,10.5061
10.1371/journal.pone.0057433,2013-02-25,Landscape Genetics of Leaf-Toed Geckos in the Tropical Dry Forest of Northern Mexico,10.5061/DRYAD.TJ1K5,10.5061
10.1371/journal.pone.0057615,2013-03-01,PyroClean: Denoising Pyrosequences from Protein-Coding Amplicons for the Recovery of Interspecific and Intraspecific Genetic Variation,10.5061/DRYAD.V2K84,10.5061
10.1371/journal.pone.0058241,2013-03-06,Allometric Convergence in Savanna Trees and Implications for the Use of Plant Scaling Models in Variable Ecosystems,10.5061/DRYAD.4S1D2,10.5061
10.1371/journal.pone.0058584,2013-03-07,How Stock of Origin Affects Performance of Individuals across a Meta-Ecosystem: An Example from Sockeye Salmon,10.5061/DRYAD.JN14D,10.5061
10.1371/journal.pone.0058704,2013-03-12,Spatial Distribution of Tree Species Governs the Spatio-Temporal Interaction of Leaf Area Index and Soil Moisture across a Forested Landscape,10.1594/IEDA/100268,10.1594
10.1371/journal.pcbi.1002967,2013-03-14,Differential Expression Analysis for Pathways,10.5061/DRYAD.QH1PG,10.5061
10.1371/journal.pone.0058950,2013-03-14,Phylogenetic Affiliation of SSU rRNA Genes Generated by Massively Parallel Sequencing: New Insights into the Freshwater Protist Diversity,10.5061/DRYAD.66HC3,10.5061
10.1371/journal.pone.0058788,2013-03-19,Macaque Monkeys Perceive the Flash Lag Illusion,10.5061/DRYAD.T1N04,10.5061
10.1371/journal.pone.0058971,2013-03-19,A DNA Metabarcoding Study of a Primate Dietary Diversity and Plasticity across Its Entire Fragmented Range,10.5061/DRYAD.JJ68N,10.5061
10.1371/journal.pone.0059356,2013-03-19,Forest Restoration and Parasitoid Wasp Communities in Montane Hawai’i,10.5061/DRYAD.DR6S2,10.5061
10.1371/journal.pone.0059691,2013-03-26,D Quantification of Tumor Vasculature in Lymphoma Xenografts in NOD/SCID Mice Allows to Detect Differences among Vascular-Targeted Therapies,10.5061/DRYAD.6C44Q,10.5061
10.1371/journal.pone.0059396,2013-03-27,Migration Routes and Staging Areas of Trans-Saharan Turtle Doves Appraised from Light-Level Geolocators,10.5061/DRYAD.BV24T,10.5061
10.1371/journal.pone.0060456,2013-03-27,Is Active Management the Key to the Conservation of Saproxylic Biodiversity? Pollarding Promotes the Formation of Tree Hollows,10.5061/DRYAD.6GV70,10.5061
10.1371/journal.pone.0058936,2013-03-28,Sex-Specific Weight Loss Mediates Sexual Size Dimorphism in Drosophila melanogaster,10.5061/DRYAD.S5B62,10.5061
10.1371/journal.pone.0060799,2013-04-01,Unveiling the Diet of Elusive Rainforest Herbivores in Next Generation Sequencing Era? The Tapir as a Case Study,10.5061/DRYAD.8H7K1,10.5061
10.1371/journal.pone.0059807,2013-04-02,Aridity Modulates N Availability in Arid and Semiarid Mediterranean Grasslands,10.5061/DRYAD.TK2JK,10.5061
10.1371/journal.pone.0059855,2013-04-03,Shark Tooth Weapons from the 19<sup>th</sup> Century Reflect Shifting Baselines in Central Pacific Predator Assemblies,10.5061/DRYAD.6B2C9,10.5061
10.1371/journal.pone.0060681,2013-04-03,Geographic Variation in Chin Shape Challenges the Universal Facial Attractiveness Hypothesis,10.5061/DRYAD.M4V48,10.5061
10.1371/journal.pone.0061465,2013-04-09,A 454 Survey Reveals the Community Composition and Core Microbiome of the Common Bed Bug (Cimex lectularius) across an Urban Landscape,10.5061/DRYAD.RD240,10.5061
10.1371/journal.pone.0061868,2013-04-12,Responses of the Emiliania huxleyi Proteome to Ocean Acidification,10.1594/PANGAEA.833162,10.1594
10.1371/journal.pone.0060647,2013-04-16,Cortisol Awakening Response Is Linked to Disease Course and Progression in Multiple Sclerosis,10.5061/DRYAD.9TM09,10.5061
10.1371/journal.pone.0061471,2013-04-18,Parallel Tagged Next-Generation Sequencing on Pooled Samples – A New Approach for Population Genetics in Ecology and Conservation,10.5061/DRYAD.F058C,10.5061
10.1371/journal.pone.0062255,2013-04-19,Color Discrimination in the Tufted Capuchin Monkey,10.5061/DRYAD.K9F7T,10.5061
10.1371/journal.pone.0061552,2013-04-24,The Complete Sequence of the Mitochondrial Genome of Butomus umbellatus – A Member of an Early Branching Lineage of Monocotyledons,10.5061/DRYAD.42GC4,10.5061
10.1371/journal.pone.0061998,2013-04-24,The Evolution of Bat Vestibular Systems in the Face of Potential Antagonistic Selection Pressures for Flight and Echolocation,10.5061/DRYAD.R0789,10.5061
10.1371/journal.pgen.1003453,2013-04-25,Signatures of Diversifying Selection in European Pig Breeds,10.5061/DRYAD.C2124,10.5061
10.1371/journal.pone.0062312,2013-04-25,When Can Clades Be Potentially Resolved with Morphology?,10.5061/DRYAD.25131,10.5061
10.1371/journal.pone.0062655,2013-04-30,End of the Century pCO<sub>2</sub> Levels Do Not Impact Calcification in Mediterranean Cold-Water Corals,10.1594/PANGAEA.830598,10.1594
10.1371/journal.pone.0062892,2013-05-07,The Impact of Paralogy on Phylogenomic Studies – A Case Study on Annelid Relationships,10.5061/DRYAD.4JS80,10.5061
10.1371/journal.pone.0062404,2013-05-08,Can Long-Range PCR Be Used to Amplify Genetically Divergent Mitochondrial Genomes for Comparative Phylogenetics? A Case Study within Spiders (Arthropoda: Araneae),10.5061/DRYAD.8DD3N,10.5061
10.1371/journal.pcbi.1003039,2013-05-09,Host Resistance,10.5061/DRYAD.55T60,10.5061
10.1371/journal.pone.0063880,2013-05-09,Successive Invasion-Mediated Interspecific Hybridizations and Population Structure in the Endangered Cichlid Oreochromis mossambicus,10.5061/DRYAD.K0FS1,10.5061
10.1371/journal.pbio.1001560,2013-05-14,Secondary Evolution of a Self-Incompatibility Locus in the Brassicaceae Genus Leavenworthia,10.5061/DRYAD.MQ5CT,10.5061
10.1371/journal.pone.0063312,2013-05-14,How Spatial Variation in Areal Extent and Configuration of Labile Vegetation States Affect the Riparian Bird Community in Arctic Tundra,10.5061/DRYAD.BS87M,10.5061
10.1371/journal.pone.0063190,2013-05-16,Monoallelic Chromatin Conformation Flanking Long-Range Silenced Domains in Cancer-Derived and Normal Cells,10.5061/DRYAD.43H8C,10.5061
10.1371/journal.pone.0063396,2013-05-17,Mitogenomic Phylogenetics of Fin Whales (Balaenoptera physalus spp.): Genetic Evidence for Revision of Subspecies,10.5061/DRYAD.084G8,10.5061
10.1371/journal.pone.0064487,2013-05-20,The Ability of North Island Robins to Discriminate between Humans Is Related to Their Behavioural Type,10.5061/DRYAD.NP517,10.5061
10.1371/journal.pone.0064718,2013-05-21,Evolution of Smooth Tubercle Bacilli PE and PE_PGRS Genes: Evidence for a Prominent Role of Recombination and Imprint of Positive Selection,10.5061/DRYAD.C8JG8,10.5061
10.1371/journal.pone.0064129,2013-05-22,Phylogenetic Reconstruction of the Legionella pneumophila Philadelphia-1 Laboratory Strains through Comparative Genomics,10.5061/DRYAD.1K1NS,10.5061
10.1371/journal.pone.0063130,2013-05-24,Homing Pigeons Respond to Time-Compensated Solar Cues Even in Sight of the Loft,10.5061/DRYAD.PC7PG,10.5061
10.1371/journal.pone.0062413,2013-05-28,Low-Canopy Seagrass Beds Still Provide Important Coastal Protection Services,10.5061/DRYAD.M691K,10.5061
10.1371/journal.pone.0064047,2013-05-28,Genome-Wide Association Study of Meat Quality Traits in a White Duroc×Erhualian F2 Intercross and Chinese Sutai Pigs,10.5061/DRYAD.7KN7R,10.5061
10.1371/journal.pone.0065305,2013-05-29,Testing Adaptive Hypotheses of Convergence with Functional Landscapes: A Case Study of Bone-Cracking Hypercarnivores,10.5061/DRYAD.R2B1H,10.5061
10.1371/journal.pone.0065688,2013-05-31,Candidate Genes and Genetic Architecture of Symbiotic and Agronomic Traits Revealed by Whole-Genome,10.5061/DRYAD.PQ143,10.5061
10.1371/journal.pone.0065989,2013-05-31,A Giant Pliosaurid Skull from the Late Jurassic of England,10.5061/DRYAD.94F1P,10.5061
10.1371/journal.pone.0065079,2013-06-03,Predator-Prey Interactions Shape Thermal Patch Use in a Newt Larvae-Dragonfly Nymph Model,10.5061/DRYAD.FJ168,10.5061
10.1371/journal.pone.0066034,2013-06-07,Causes and Evolutionary Consequences of Population Subdivision of an Iberian Mountain Lizard,10.5061/DRYAD.S2479,10.5061
10.1371/journal.pone.0065394,2013-06-10,Early Life History of Deep-Water Gorgonian Corals May Limit Their Abundance,10.5061/DRYAD.30KT0,10.5061
10.1371/journal.pone.0066767,2013-06-10,Comparative Analyses of Reproductive Structures in Harvestmen (Opiliones) Reveal Multiple Transitions from Courtship to Precopulatory Antagonism,10.5061/DRYAD.79D15,10.5061
10.1371/journal.pbio.1001579,2013-06-11,Parasites Affect Food Web Structure Primarily through Increased Diversity and Complexity,10.5061/DRYAD.B8R5C,10.5061
10.1371/journal.pone.0065836,2013-06-11,Metapopulation Dynamics of the Mistletoe and Its Host in Savanna Areas with Different Fire Occurrence,10.5061/DRYAD.JK12V,10.5061
10.1371/journal.pone.0065987,2013-06-11,Ocean Acidification Reduces Growth and Calcification in a Marine Dinoflagellate,10.1594/PANGAEA.824705,10.1594
10.1371/journal.pone.0065923,2013-06-18,A Phylogenomic Perspective on the Radiation of Ray-Finned Fishes Based upon Targeted Sequencing of Ultraconserved Elements (UCEs),10.5061/DRYAD.J015N,10.5061
10.1371/journal.pone.0065961,2013-06-18,Novel Conserved Genotypes Correspond to Antibiotic Resistance Phenotypes of E. coli Clinical Isolates,10.5061/DRYAD.R8Q71,10.5061
10.1371/journal.pone.0066451,2013-06-18,Psychiatric Comorbidity in Patients from the Addictive Disorders Assistance Units of Galicia: The COPSIAD Study,10.5061/DRYAD.H016K,10.5061
10.1371/journal.pone.0067255,2013-06-19,Rapid Buildup of Genetic Diversity in Founder Populations of the Gynodioecious Plant Species Origanum vulgare after Semi-Natural Grassland Restoration,10.5061/DRYAD.08GC2,10.5061
10.1371/journal.pone.0067663,2013-06-21,Vitamin D Receptor Gene Expression and Function in a South African Population: Ethnicity,10.5061/DRYAD.12DP5,10.5061
10.1371/journal.pone.0067655,2013-06-24,Discrete Pattern of Burst Stimulation in the Ventrobasal Thalamus for Anti-Nociception,10.5061/DRYAD.DH03R,10.5061
10.1371/journal.pone.0067957,2013-06-26,Phylogeography of Poorly Dispersing Net-Winged Beetles: A Role of Drifting India in the Origin of Afrotropical and Oriental Fauna,10.5061/DRYAD.51NP1,10.5061
10.1371/journal.pone.0068272,2013-06-27,Variation in Body Shape across Species and Populations in a Radiation of Diaptomid Copepods,10.5061/DRYAD.812T1,10.5061
10.1371/journal.pone.0066592,2013-06-28,Multivariate Analysis of Dopaminergic Gene Variants as Risk Factors of Heroin Dependence,10.5061/DRYAD.975KK,10.5061
10.1371/journal.pone.0066764,2013-07-02,The Distribution of Fruit and Seed Toxicity during Development for Eleven Neotropical Trees and Vines in Central Panama,10.5061/DRYAD.B2C80,10.5061
10.1371/journal.ppat.1003502,2013-07-11,Mosaic VSGs and the Scale of Trypanosoma brucei Antigenic Variation,10.5061/DRYAD.7PC00,10.5061
10.1371/journal.pone.0070162,2013-07-22,Divergent Selection and Local Adaptation in Disjunct Populations of an Endangered Conifer,10.5061/DRYAD.7CM6B,10.5061
10.1371/journal.pone.0067720,2013-07-23,Factors Determining Forest Diversity and Biomass on a Tropical Volcano,10.5061/DRYAD.8N6T5,10.5061
10.1371/journal.pone.0068902,2013-07-23,Identification and Mapping of Linear Antibody Epitopes in Human Serum Albumin Using High-Density Peptide Arrays,10.5061/DRYAD.3003F,10.5061
10.1371/journal.pone.0069402,2013-07-24,Differentiation at the MHCII? and Cath2 Loci in Sympatric Salvelinus alpinus Resource Morphs in Lake Thingvallavatn,10.5061/DRYAD.81884,10.5061
10.1371/journal.pone.0070006,2013-07-25,Donald’s Ideotype and Growth Redundancy: A Pot Experimental Test Using an Old and a Modern Spring Wheat Cultivar,10.5061/DRYAD.M9M4F,10.5061
10.1371/journal.pgen.1003661,2013-08-01,The Conditional Nature of Genetic Interactions: The Consequences of Wild-Type Backgrounds on Mutational Interactions in a Genome-Wide Modifier Screen,10.5061/DRYAD.4DT7C,10.5061
10.1371/journal.pone.0070818,2013-08-02,Temporal Population Genetics of Time Travelling Insects: A Long Term Study in a Seed-Specialized Wasp,10.5061/DRYAD.C1G08,10.5061
10.1371/journal.pone.0070444,2013-08-06,Mutation Rules and the Evolution of Sparseness and Modularity in Biological Systems,10.5061/DRYAD.75180,10.5061
10.1371/journal.pone.0071476,2013-08-07,Sleepless in Town – Drivers of the Temporal Shift in Dawn Song in Urban European Blackbirds,10.5061/DRYAD.VG75P,10.5061
10.1371/journal.pone.0072007,2013-08-08,The Good,10.5061/DRYAD.6SS84,10.5061
10.1371/journal.pone.0071624,2013-08-09,Sex-Biased Dispersal at Different Geographical Scales in a Cooperative Breeder from Fragmented Rainforest,10.5061/DRYAD.S5573,10.5061
10.1371/journal.pone.0070749,2013-08-13,Host Species and Environmental Effects on Bacterial Communities Associated with Drosophila in the Laboratory and in the Natural Environment,10.5061/DRYAD.5Q1SB,10.5061
10.1371/journal.pone.0071582,2013-08-13,How Hot Are Drosophila Hotspots? Examining Recombination Rate Variation and Associations with Nucleotide Diversity,10.5061/DRYAD.2R730,10.5061
10.1371/journal.pone.0071069,2013-08-16,The Rediscovery of a Long Described Species Reveals Additional Complexity in Speciation Patterns of Poeciliid Fishes in Sulfide Springs,10.5061/DRYAD.H8J76,10.5061
10.1371/journal.pone.0071162,2013-08-19,Temporal Patterns of Diversification across Global Cichlid Biodiversity (Acanthomorpha: Cichlidae),10.5061/DRYAD.T3Q8B,10.5061
10.1371/journal.pone.0072244,2013-08-19,The Symmetry of Children’s Knees Is Linked to Their Adult Sprinting Speed and Their Willingness to Sprint in a Long-Term Jamaican Study,10.5061/DRYAD.RH8GR,10.5061
10.1371/journal.pbio.1001637,2013-08-20,Effects of Diet on Resource Utilization by a Model Human Gut Microbiota Containing Bacteroides cellulosilyticus WH2,10.5061/DRYAD.7FJ1K,10.5061
10.1371/journal.pone.0072030,2013-08-21,Hyaluronan and N-ERC/Mesothelin as Key Biomarkers in a Specific Two-Step Model to Predict Pleural Malignant Mesothelioma,10.5061/DRYAD.H122B,10.5061
10.1371/journal.pone.0073432,2013-08-27,The Impact of Climate Change on the Potential Distribution of Agricultural Pests: The Case of the Coffee White Stem Borer (Monochamus leuconotus P.) in Zimbabwe,10.5061/DRYAD.G4SH8,10.5061
10.1371/journal.pone.0074938,2013-08-28,Signatures of Rapid Evolution in Urban and Rural Transcriptomes of White-Footed Mice (Peromyscus leucopus) in the New York Metropolitan Area,10.5061/DRYAD.R8NS3,10.5061
10.1371/journal.pone.0071952,2013-08-28,Microbial Life in a Fjord: Metagenomic Analysis of a Microbial Mat in Chilean Patagonia,10.5061/DRYAD.PK8QV,10.5061
10.1371/journal.pone.0073045,2013-08-29,Ultrasonic Vocalizations Emitted by Flying Squirrels,10.5061/DRYAD.S44GK,10.5061
10.1371/journal.pone.0072629,2013-08-30,Flexibility of Continental Navigation and Migration in European Mallards,10.5441/001/1.8DC0V84M/1,10.5441
10.1371/journal.pone.0072779,2013-09-02,Biogeography of Deep-Sea Benthic Bacteria at Regional Scale (LTER HAUSGARTEN,10.1594/PANGAEA.744673,10.1594
10.1371/journal.pone.0072665,2013-09-04,Life History Plasticity of a Tropical Seabird in Response to El Niño Anomalies during Early Life,10.5061/DRYAD.2MG77,10.5061
10.1371/journal.pone.0073535,2013-09-04,Evolutionary Origin of the Scombridae (Tunas and Mackerels): Members of a Paleogene Adaptive Radiation with 14 Other Pelagic Fish Families,10.5061/DRYAD.5NS57,10.5061
10.1371/journal.pcbi.1003215,2013-09-05,From Cellular Characteristics to Disease Diagnosis: Uncovering Phenotypes with Supercells,10.5061/DRYAD.V6ST3,10.5061
10.1371/journal.pone.0073733,2013-09-10,Defeating Crypsis: Detection and Learning of Camouflage Strategies,10.5061/DRYAD.N6T2C,10.5061
10.1371/journal.pone.0074144,2013-09-10,Weber’s Law,10.5061/DRYAD.0838C,10.5061
10.1371/journal.pone.0073324,2013-09-11,Spatial Heterogeneity in the Strength of Plant-Herbivore Interactions under Predation Risk: The Tale of Bison Foraging in Wolf Country,10.5061/DRYAD.4DP00,10.5061
10.1371/journal.pone.0073695,2013-09-11,Impacts of Human Disturbance on Large Prey Species: Do Behavioral Reactions Translate to Fitness Consequences?,10.5061/DRYAD.1CC4V,10.5061
10.1371/journal.pone.0073397,2013-09-12,Impact of microRNA Expression in Human Atrial Tissue in Patients with Atrial Fibrillation Undergoing Cardiac Surgery,10.5061/DRYAD.8P1T6,10.5061
10.1371/journal.ppat.1003578,2013-09-12,Aggressive Chemotherapy and the Selection of Drug Resistant Pathogens,10.5061/DRYAD.09QC0,10.5061
10.1371/journal.pone.0073795,2013-09-18,Surviving in Mountain Climate Refugia: New Insights from the Genetic Diversity and Structure of the Relict Shrub Myrtus nivellei (Myrtaceae) in the Sahara Desert,10.5061/DRYAD.1VT02,10.5061
10.1371/journal.pone.0074510,2013-09-18,Repetitive Concussive Traumatic Brain Injury Interacts with Post-Injury Foot Shock Stress to Worsen Social and Depression-Like Behavior in Mice,10.5061/DRYAD.V1T54,10.5061
10.1371/journal.pone.0075246,2013-09-18,Mice Infected with Low-Virulence Strains of Toxoplasma gondii Lose Their Innate Aversion to Cat Urine,10.5061/DRYAD.3526Q,10.5061
10.1371/journal.pone.0075765,2013-09-19,Spatial Genetic Analyses Reveal Cryptic Population Structure and Migration Patterns in a Continuously Harvested Grey Wolf (Canis lupus) Population in North-Eastern Europe,10.5061/DRYAD.2N97Q,10.5061
10.1371/journal.pone.0073773,2013-09-23,Do Fish Perceive Anaesthetics as Aversive?,10.5061/DRYAD.8QV00,10.5061
10.1371/journal.pone.0075029,2013-09-30,High Genetic Diversity and Distinctiveness of Rear-Edge Climate Relicts Maintained by Ancient Tetraploidisation for Alnus glutinosa,10.5061/DRYAD.3801D,10.5061
10.1371/journal.pone.0076639,2013-10-03,Isolation and Characterization of Microsatellite Loci for the Isopod Crustacean Armadillidium vulgare and Transferability in Terrestrial Isopods,10.5061/DRYAD.MD545,10.5061
10.1371/journal.pone.0075072,2013-10-04,Comparative Genomics Reveals Insight into Virulence Strategies of Plant Pathogenic Oomycetes,10.5061/DRYAD.H748P,10.5061
10.1371/journal.pone.0075496,2013-10-04,Stable Isotope Labeled n-Alkanes to Assess Digesta Passage Kinetics through the Digestive Tract of Ruminants,10.5061/DRYAD.P8J80,10.5061
10.1371/journal.pbio.1001675,2013-10-08,The Assessment of Science: The Relative Merits of Post-Publication Review,10.5061/DRYAD.2H4J5,10.5061
10.1371/journal.pone.0076358,2013-10-10,Heritabilities of Directional Asymmetry in the Fore- and Hindlimbs of Rabbit Fetuses,10.5061/DRYAD.4CP88,10.5061
10.1371/journal.pone.0075049,2013-10-11,Coral Energy Reserves and Calcification in a High-CO<sub>2</sub> World at Two Temperatures,10.1594/PANGAEA.833874,10.1594
10.1371/journal.pone.0076454,2013-10-11,North-South Differentiation and a Region of High Diversity in European Wolves (Canis lupus),10.5061/DRYAD.9S1T9,10.5061
10.1371/journal.pone.0076737,2013-10-18,Not as Ubiquitous as We Thought: Taxonomic Crypsis,10.5061/DRYAD.Q3S66,10.5061
10.1371/journal.pone.0077978,2013-10-18,Investigation of Genetic Structure between Deep and Shallow Populations of the Southern Rock Lobster,10.5061/DRYAD.656GF,10.5061
10.1371/journal.pbio.1001696,2013-10-29,The Impact of Gene Expression Variation on the Robustness and Evolvability of a Developmental Gene Regulatory Network,10.5061/DRYAD.7J9T5,10.5061
10.1371/journal.pone.0078228,2013-10-29,Niche Divergence versus Neutral Processes: Combined Environmental and Genetic Analyses Identify Contrasting Patterns of Differentiation in Recently Diverged Pine Species,10.5061/DRYAD.3NG7P,10.5061
10.1371/journal.pone.0078758,2013-10-29,Dissociable Neural Response Signatures for Slow Amplitude and Frequency Modulation in Human Auditory Cortex,10.5061/DRYAD.5922K,10.5061
10.1371/journal.pgen.1003932,2013-10-31,High Throughput Sequencing Reveals Alterations in the Recombination Signatures with Diminishing Spo11 Activity,10.5061/DRYAD.53T4C,10.5061
10.1371/journal.pone.0079061,2013-11-01,Brood Ball-Mediated Transmission of Microbiome Members in the Dung Beetle,10.5061/DRYAD.266QS,10.5061
10.1371/journal.pone.0079504,2013-11-01,Cryptic Genetic Diversity Is Paramount in Small-Bodied Amphibians of the Genus Euparkerella (Anura: Craugastoridae) Endemic to the Brazilian Atlantic Forest,10.5061/DRYAD.690JK,10.5061
10.1371/journal.pbio.1001705,2013-11-05,Water Stress Strengthens Mutualism Among Ants,10.5061/DRYAD.NQ816,10.5061
10.1371/journal.pone.0077514,2013-11-05,Disentangling Woodland Caribou Movements in Response to Clearcuts and Roads across Temporal Scales,10.5061/DRYAD.N3C2F,10.5061
10.1371/journal.pone.0079807,2013-11-05,Population Structure and Genetic Diversity of Native and Invasive Populations of Solanum rostratum (Solanaceae),10.5061/DRYAD.MK58D,10.5061
10.1371/journal.pone.0078721,2013-11-08,No Effect of Ambient Odor on the Affective Appraisal of a Desktop Virtual Environment with Signs of Disorder,10.5061/DRYAD.F37KM,10.5061
10.1371/journal.pone.0080791,2013-11-11,Genomics Assisted Ancestry Deconvolution in Grape,10.5061/DRYAD.45HH0,10.5061
10.1371/journal.pone.0078894,2013-11-12,Unveiling Current Guanaco Distribution in Chile Based upon Niche Structure of Phylogeographic Lineages: Andean Puna to Subpolar Forests,10.5061/DRYAD.K90M7,10.5061
10.1371/journal.pone.0078945,2013-11-12,Temperature Dependent Effects of Elevated CO<sub>2</sub> on Shell Composition and Mechanical Properties of Hydroides elegans: Insights from a Multiple Stressor Experiment,10.1594/PANGAEA.833115,10.1594
10.1371/journal.pone.0079092,2013-11-12,Echidna Venom Gland Transcriptome Provides Insights into the Evolution of Monotreme Venom,10.5061/DRYAD.4QQ0V,10.5061
10.1371/journal.pone.0080331,2013-11-12,Multifaceted,10.5061/DRYAD.Q7S8K,10.5061
10.1371/journal.pone.0078680,2013-11-13,Vitis Phylogenomics: Hybridization Intensities from a SNP Array Outperform Genotype Calls,10.5061/DRYAD.4181F,10.5061
10.1371/journal.pone.0078955,2013-11-13,Choose Your Weapon: Defensive Behavior Is Associated with Morphology and Performance in Scorpions,10.5061/DRYAD.7R4P9,10.5061
10.1371/journal.pone.0077467,2013-11-18,Localized Hotspots Drive Continental Geography of Abnormal Amphibians on U.S. Wildlife Refuges,10.5061/DRYAD.DC25R,10.5061
10.1371/journal.pone.0080866,2013-11-19,Variation in Age and Size in Fennoscandian Three-Spined Sticklebacks (Gasterosteus aculeatus),10.5061/DRYAD.D2VH0,10.5061
10.1371/journal.pone.0081118,2013-11-22,Evidence for an Association between Post-Fledging Dispersal and Microsatellite Multilocus Heterozygosity in a Large Population of Greater Flamingos,10.5061/DRYAD.S1T53,10.5061
10.1371/journal.pone.0080466,2013-11-27,Marine Plastic Pollution in Waters around Australia: Characteristics,10.5061/DRYAD.MT0J5,10.5061
10.1371/journal.pone.0081614,2013-11-27,How Can Ten Fingers Shape a Pot? Evidence for Equivalent Function in Culturally Distinct Motor Skills,10.5061/DRYAD.H0H3B,10.5061
10.1371/journal.pone.0081173,2013-12-03,The Genetic Basis of a Rare Flower Color Polymorphism in Mimulus lewisii Provides Insight into the Repeatability of Evolution,10.5061/DRYAD.D3F56,10.5061
10.1371/journal.pone.0080556,2013-12-04,Pain and Pessimism: Dairy Calves Exhibit Negative Judgement Bias following Hot-Iron Disbudding,10.5061/DRYAD.322BB,10.5061
10.1371/journal.pone.0082615,2013-12-04,Can RNA-Seq Resolve the Rapid Radiation of Advanced Moths and Butterflies (Hexapoda: Lepidoptera: Apoditrysia)? An Exploratory Study,10.5061/DRYAD.02QV3,10.5061
10.1371/journal.pcbi.1003344,2013-12-05,Transformation of Stimulus Correlations by the Retina,10.5061/DRYAD.246QG,10.5061
10.1371/journal.pone.0081718,2013-12-16,Ion Torrent PGM as Tool for Fungal Community Analysis: A Case Study of Endophytes in Eucalyptus grandis Reveals High Taxonomic Diversity,10.5061/DRYAD.51RF8,10.5061
10.1371/journal.pone.0082227,2013-12-16,Adélie Penguin Population Diet Monitoring by Analysis of Food DNA in Scats,10.5061/DRYAD.1RF7D,10.5061
10.1371/journal.pone.0082531,2013-12-16,Defectors Cannot Be Detected during“Small Talk” with Strangers,10.5061/DRYAD.QM689,10.5061
10.1371/journal.pone.0082070,2013-12-18,Sinking Jelly-Carbon Unveils Potential Environmental Variability along a Continental Margin,10.1594/PANGAEA.831768,10.1594
10.1371/journal.pone.0082837,2013-12-20,Intraspecific Scaling of the Resting and Maximum Metabolic Rates of the Crucian Carp (Carassius auratus),10.5061/DRYAD.CR3P6,10.5061
10.1371/journal.pone.0083348,2013-12-20,Origin and Genetic Diversity of Diploid Parthenogenetic Artemia in Eurasia,10.5061/DRYAD.KD0K4,10.5061
10.1371/journal.pone.0083095,2013-12-27,Morphological Clines and Weak Drift along an Urbanization Gradient in the Butterfly,10.5061/DRYAD.8837Q,10.5061
10.1371/journal.pone.0085199,2013-12-30,A Complex Evolutionary History in a Remote Archipelago: Phylogeography and Morphometrics of the Hawaiian Endemic Ligia Isopods,10.5061/DRYAD.5K56C,10.5061
10.1371/journal.pone.0084184,2014-01-06,Likelihood Inference of Non-Constant Diversification Rates with Incomplete Taxon Sampling,10.5061/DRYAD.RD2S3,10.5061
10.1371/journal.pone.0085563,2014-01-09,Ex situ Diet Influences the Bacterial Community Associated with the Skin of Red-Eyed Tree Frogs (Agalychnis callidryas),10.5061/DRYAD.Q86RJ,10.5061
10.1371/journal.ppat.1003838,2014-01-09,Cell Tropism Predicts Long-term Nucleotide Substitution Rates of Mammalian RNA Viruses,10.5061/DRYAD.58SS8,10.5061
10.1371/journal.pone.0086357,2014-01-17,Pollinator Interactions with Yellow Starthistle (Centaurea solstitialis) across Urban,10.5061/DRYAD.B5NP1,10.5061
10.1371/journal.pbio.1001770,2014-01-21,Nonindustry-Sponsored Preclinical Studies on Statins Yield Greater Efficacy Estimates Than Industry-Sponsored Studies: A Meta-Analysis,10.5061/DRYAD.754D0,10.5061
10.1371/journal.pone.0085757,2014-01-21,Expression Variants of the Lipogenic AGPAT6 Gene Affect Diverse Milk Composition Phenotypes in Bos taurus,10.5061/DRYAD.D6508,10.5061
10.1371/journal.pone.0086598,2014-01-21,Shifting Baselines on a Tropical Forest Frontier: Extirpations Drive Declines in Local Ecological Knowledge,10.5061/DRYAD.5J56V,10.5061
10.1371/journal.pgen.1004005,2014-01-23,Down-Regulation of Rad51 Activity during Meiosis in Yeast Prevents Competition with Dmc1 for Repair of Double-Strand Breaks,10.5061/DRYAD.8GH60,10.5061
10.1371/journal.pone.0086508,2014-01-23,Microsatellite Evidence for High Frequency of Multiple Paternity in the Marine Gastropod Rapana venosa,10.5061/DRYAD.88741,10.5061
10.1371/journal.pone.0086081,2014-01-27,We'll Meet Again: Revealing Distributional and Temporal Patterns of Social Contact,10.5061/DRYAD.PC54G,10.5061
10.1371/journal.pone.0087214,2014-01-30,Cues of Maternal Condition Influence Offspring Selfishness,10.5061/DRYAD.CB11D,10.5061
10.1371/journal.pone.0087317,2014-01-31,Environmental Variables Explain Genetic Structure in a Beetle-Associated Nematode,10.5061/DRYAD.8883H,10.5061
10.1371/journal.pone.0086809,2014-02-03,Present-Day Genetic Structure of Atlantic Salmon (Salmo salar) in Icelandic Rivers and Ice-Cap Retreat Models,10.5061/DRYAD.60KK5,10.5061
10.1371/journal.pone.0087836,2014-02-03,Deciphering the Adjustment between Environment and Life History in Annuals: Lessons from a Geographically-Explicit Approach in Arabidopsis thaliana,10.5061/DRYAD.6NV8D,10.5061
10.1371/journal.pntd.0002697,2014-02-13,Laboratory Colonisation and Genetic Bottlenecks in the Tsetse Fly Glossina pallidipes,10.5061/DRYAD.BT612,10.5061
10.1371/journal.pone.0089214,2014-02-14,Pheromone Diversification and Age-Dependent Behavioural Plasticity Decrease Interspecific Mating Costs in Nasonia,10.5061/DRYAD.N6SK3,10.5061
10.1371/journal.pbio.1001789,2014-02-18,Metabolic Erosion Primarily Through Mutation Accumulation,10.5061/DRYAD.7G401,10.5061
10.1371/journal.pone.0089163,2014-02-18,Evidence for a Time-Invariant Phase Variable in Human Ankle Control,10.5061/DRYAD.RM505,10.5061
10.1371/journal.pone.0089437,2014-02-18,Forest Trees in Human Modified Landscapes: Ecological and Genetic Drivers of Recruitment Failure in Dysoxylum malabaricum (Meliaceae),10.5061/DRYAD.MQ8FN,10.5061
10.1371/journal.pone.0087907,2014-02-20,Population Connectivity and Phylogeography of a Coastal Fish,10.5061/DRYAD.5GF80,10.5061
10.1371/journal.pone.0088364,2014-02-20,Insights into the Development and Evolution of Exaggerated Traits Using De Novo Transcriptomes of Two Species of Horned Scarab Beetles,10.5061/DRYAD.N10J0,10.5061
10.1371/journal.pone.0090207,2014-02-25,Remating and Sperm Competition in Replicate Populations of Drosophila melanogaster Adapted to Alternative Environments,10.5061/DRYAD.RD05N,10.5061
10.1371/journal.pone.0090236,2014-02-25,The Heritability of Mating Behaviour in a Fly and Its Plasticity in Response to the Threat of Sperm Competition,10.5061/DRYAD.G22P0,10.5061
10.1371/journal.pone.0089543,2014-02-26,Automatic Detection of Key Innovations,10.5061/DRYAD.HN1VN,10.5061
10.1371/journal.pcbi.1003490,2014-02-27,A Combination of Transcriptional and MicroRNA Regulation Improves the Stability of the Relative Concentrations of Target Genes,10.5061/DRYAD.F3H72,10.5061
10.1371/journal.pgen.1004149,2014-02-27,Mapping the Fitness Landscape of Gene Expression Uncovers the Cause of Antagonism and Sign Epistasis between Adaptive Mutations,10.5061/DRYAD.8HB23,10.5061
10.1371/journal.pone.0090086,2014-02-27,Genetic Structure and Diversity of the Endangered Fir Tree of Lebanon (Abies cilicica Carr.): Implications for Conservation,10.5061/DRYAD.9NM58,10.5061
10.1371/journal.pone.0090170,2014-02-28,Efficiency of Lift Production in Flapping and Gliding Flight of Swifts,10.5061/DRYAD.CN252,10.5061
10.1371/journal.pone.0090173,2014-03-04,Disruption of Foraging by a Dominant Invasive Species to Decrease Its Competitive Ability,10.5061/DRYAD.M64HS,10.5061
10.1371/journal.pone.0090702,2014-03-06,Gut Microbiota Signatures Predict Host and Microbiota Responses to Dietary Interventions in Obese Individuals,10.5061/DRYAD.BV4K7,10.5061
10.1371/journal.pone.0090061,2014-03-11,Influence of Introgression and Geological Processes on Phylogenetic Relationships of Western North American Mountain Suckers (Pantosteus,10.5061/DRYAD.51MM0,10.5061
10.1371/journal.pone.0091295,2014-03-11,A Revised Design for Microarray Experiments to Account for Experimental Noise and Uncertainty of Probe Response,10.5061/DRYAD.57MS3,10.5061
10.1371/journal.pgen.1004223,2014-03-13,Sex Chromosome Turnover Contributes to Genomic Divergence between Incipient Stickleback Species,10.5061/DRYAD.40NK2,10.5061
10.1371/journal.pone.0091511,2014-03-17,Genetic Sorting of Subordinate Species in Grassland Modulated by Intraspecific Variation in Dominant Species,10.5061/DRYAD.CQ8BH,10.5061
10.1371/journal.pone.0092178,2014-03-17,Influence of Ethnolinguistic Diversity on the Sorghum Genetic Patterns in Subsistence Farming Systems in Eastern Kenya,10.5061/DRYAD.8FF54,10.5061
10.1371/journal.pone.0091093,2014-03-19,A Few Large Roads or Many Small Ones? How to Accommodate Growth in Vehicle Numbers to Minimise Impacts on Wildlife,10.5061/DRYAD.3N4H2,10.5061
10.1371/journal.pone.0092896,2014-03-21,Imbalance in Individual Researcher's Peer Review Activities Quantified for Four British Ecological Society Journals,10.5061/DRYAD.36R69,10.5061
10.1371/journal.pone.0091714,2014-03-24,Maintenance of Genetic Diversity in an Introduced Island Population of Guanacos after Seven Decades and Two Severe Demographic Bottlenecks: Implications for Camelid Conservation,10.5061/DRYAD.06G5V,10.5061
10.1371/journal.pone.0092233,2014-03-25,Snake and Bird Predation Drive the Repeated Convergent Evolution of Correlated Life History Traits and Phenotype in the Izu Island Scincid Lizard (Plestiodon latiscutatus),10.5061/DRYAD.V47S1,10.5061
10.1371/journal.pone.0093021,2014-03-26,Does Encapsulation Protect Embryos from the Effects of Ocean Acidification? The Example of Crepidula fornicata,10.1594/PANGAEA.833402,10.1594
10.1371/journal.pgen.1004254,2014-03-27,Worldwide Patterns of Ancestry,10.5061/DRYAD.TH092,10.5061
10.1371/journal.pone.0093237,2014-03-27,Fish Functional Traits Correlated with Environmental Variables in a Temperate Biodiversity Hotspot,10.5061/DRYAD.738D2,10.5061
10.1371/journal.pone.0093296,2014-03-27,Indirect Human Impacts Reverse Centuries of Carbon Sequestration and Salt Marsh Accretion,10.5061/DRYAD.4DG60,10.5061
10.1371/journal.pone.0093055,2014-03-28,Adaptive Genetic Divergence along Narrow Environmental Gradients in Four Stream Insects,10.5061/DRYAD.82BR3,10.5061
10.1371/journal.pgen.1004278,2014-04-03,The Caenorhabditis elegans Myc-Mondo/Mad Complexes Integrate Diverse Longevity Signals,10.5061/DRYAD.PJ0P3,10.5061
10.1371/journal.pone.0094006,2014-04-03,Screening Primary-Care Patients Forgoing Health Care for Economic Reasons,10.5061/DRYAD.2MG29,10.5061
10.1371/journal.pone.0093975,2014-04-04,A Framework Phylogeny of the American Oak Clade Based on Sequenced RAD Data,10.5061/DRYAD.TS2HJ,10.5061
10.1371/journal.pone.0094068,2014-04-09,Impacts of Ocean Acidification on Sediment Processes in Shallow Waters of the Arctic Ocean,10.1594/PANGAEA.834243,10.1594
10.1371/journal.pone.0094202,2014-04-11,Fusion Transcript Discovery in Formalin-Fixed Paraffin-Embedded Human Breast Cancer Tissues Reveals a Link to Tumor Progression,10.5061/DRYAD.98M0M,10.5061
10.1371/journal.pone.0093649,2014-04-14,Mixed Effects of Elevated pCO<sub>2</sub> on Fertilisation,10.1594/PANGAEA.834430,10.1594
10.1371/journal.pgen.1004270,2014-04-17,Fine Mapping of Dominant X-Linked Incompatibility Alleles in Drosophila Hybrids,10.5061/DRYAD.FT6R5,10.5061
10.1371/journal.pone.0095174,2014-04-18,Developmental and Evolutionary History Affect Survival in Stressful Environments,10.5061/DRYAD.JG0J5,10.5061
10.1371/journal.pone.0095292,2014-04-18,Genotyping-by-Sequencing for Populus Population Genomics: An Assessment of Genome Sampling Patterns and Filtering Approaches,10.5061/DRYAD.2CS4G,10.5061
10.1371/journal.pbio.1001841,2014-04-22,Emergent Global Patterns of Ecosystem Structure and Function from a Mechanistic General Ecosystem Model,10.5061/DRYAD.5M96V,10.5061
10.1371/journal.pone.0095656,2014-04-22,Genetic and Ecotypic Differentiation in a Californian Plant Polyploid Complex (Grindelia,10.5061/DRYAD.RV524,10.5061
10.1371/journal.pone.0095599,2014-04-23,The Genome Sequence of a Widespread Apex Predator,10.5061/DRYAD.D0MD6,10.5061
10.1371/journal.pone.0095963,2014-04-23,Rapid Range Expansion Is Not Restricted by Inbreeding in a Sexually Cannibalistic Spider,10.5061/DRYAD.1NP06,10.5061
10.1371/journal.pgen.1004293,2014-04-24,Drosophila Embryogenesis Scales Uniformly across Temperature in Developmentally Diverse Species,10.5061/DRYAD.S0P50,10.5061
10.1371/journal.pone.0094056,2014-05-02,Folding Wings like a Cockroach: A Review of Transverse Wing Folding Ensign Wasps (Hymenoptera: Evaniidae: Afrevania and Trissevania),10.5061/DRYAD.JG909,10.5061
10.1371/journal.pone.0096227,2014-05-02,Laboratory Selection Quickly Erases Historical Differentiation,10.5061/DRYAD.KN03T,10.5061
10.1371/journal.pbio.1001853,2014-05-06,Rates of Dinosaur Body Mass Evolution Indicate 170 Million Years of Sustained Ecological Innovation on the Avian Stem Lineage,10.5061/DRYAD.GR1QP,10.5061
10.1371/journal.pone.0096457,2014-05-08,Horizontal Hostility among Non-Meat Eaters,10.5061/DRYAD.SN878,10.5061
10.1371/journal.pone.0097189,2014-05-08,Analysis of Transposable Elements in the Genome of Asparagus officinalis from High Coverage Sequence Data,10.5061/DRYAD.S71T4,10.5061
10.1371/journal.pone.0097431,2014-05-12,Single Nucleotide Polymorphisms Reveal Genetic Structuring of the Carpathian Newt and Provide Evidence of Interspecific Gene Flow in the Nuclear Genome,10.5061/DRYAD.211CK,10.5061
10.1371/journal.pbio.1001858,2014-05-13,The Evolutionary Origin of Somatic Cells under the Dirty Work Hypothesis,10.5061/DRYAD.RT01F,10.5061
10.1371/journal.pcbi.1003628,2014-05-15,Genomic Characterization of Large Heterochromatic Gaps in the Human Genome Assembly,10.5061/DRYAD.VG885,10.5061
10.1371/journal.pone.0097722,2014-05-16,C<sub>4</sub> Photosynthesis Promoted Species Diversification during the Miocene Grassland Expansion,10.5061/DRYAD.74B5D,10.5061
10.1371/journal.pone.0097494,2014-05-21,Fuzzy Boundaries: Color and Gene Flow Patterns among Parapatric Lineages of the Western Shovel-Nosed Snake and Taxonomic Implication,10.5061/DRYAD.77RF2,10.5061
10.1371/journal.pone.0098075,2014-05-21,Identifying the African Wintering Grounds of Hybrid Flycatchers Using a Multi–Isotope (?<sup>2</sup>H,10.5061/DRYAD.615TJ,10.5061
10.1371/journal.pone.0097291,2014-05-23,Genetic Divergence and Signatures of Natural Selection in Marginal Populations of a Keystone,10.5061/DRYAD.6PQ0N,10.5061
10.1371/journal.pone.0097387,2014-05-29,Cross-Scale Interactions and the Distribution-Abundance Relationship,10.5061/DRYAD.JS47K,10.5061
10.1371/journal.pone.0098602,2014-05-30,Population Genetic Structure of a Sandstone Specialist and a Generalist Heath Species at Two Levels of Sandstone Patchiness across the Strait of Gibraltar,10.5061/DRYAD.BJ70K,10.5061
10.1371/journal.pone.0099195,2014-06-05,?-Adrenergic Receptor-Dependent Alterations in Murine Cardiac Transcript Expression Are Differentially Regulated by Gefitinib In Vivo,10.5061/DRYAD.J18Q1,10.5061
10.1371/journal.pone.0098664,2014-06-06,Perturbing the Cellular Levels of Steroid Receptor Coactivator-2 Impairs Murine Endometrial Function,10.5061/DRYAD.CP325,10.5061
10.1371/journal.pone.0098605,2014-06-11,The Functional and Palaeoecological Implications of Tooth Morphology and Wear for the Megaherbivorous Dinosaurs from the Dinosaur Park Formation (Upper Campanian) of Alberta,10.5061/DRYAD.654SH,10.5061
10.1371/journal.pgen.1004393,2014-06-12,Early Back-to-Africa Migration into the Horn of Africa,10.5061/DRYAD.D9S74,10.5061
10.1371/journal.pone.0098934,2014-06-13,A HRM Real-Time PCR Assay for Rapid and Specific Identification of the Emerging Pest Spotted-Wing Drosophila (Drosophila suzukii),10.5061/DRYAD.H0H8B,10.5061
10.1371/journal.pone.0100001,2014-06-18,Degree of Glutathione Deficiency and Redox Imbalance Depend on Subtype of Mitochondrial Disease and Clinical Status,10.5061/DRYAD.FR8JM,10.5061
10.1371/journal.pgen.1004408,2014-06-19,Coordination of Wing and Whole-Body Development at Developmental Milestones Ensures Robustness against Environmental and Physiological Perturbations,10.5061/DRYAD.FQ134,10.5061
10.1371/journal.pone.0100366,2014-06-25,Predator-Prey Interactions between Shell-Boring Beetle Larvae and Rock-Dwelling Land Snails,10.5061/DRYAD.4NM02,10.5061
10.1371/journal.pone.0100648,2014-06-25,Drosophila FoxP Mutants Are Deficient in Operant Self-Learning,10.5061/DRYAD.8V7F3BR5,10.5061
10.1371/journal.pone.0100852,2014-06-25,Avoided Heat-Related Mortality through Climate Adaptation Strategies in Three US Cities,10.5061/DRYAD.14G40,10.5061
10.1371/journal.pgen.1004410,2014-06-26,Speciation and Introgression between Mimulus nasutus and Mimulus guttatus,10.5061/DRYAD.VP645,10.5061
10.1371/journal.pone.0100623,2014-06-26,Plastic Hatching Timing by Red-Eyed Treefrog Embryos Interacts with Larval Predator Identity and Sublethal Predation to Affect Prey Morphology but Not Performance,10.5061/DRYAD.B2D29,10.5061
10.1371/journal.pone.0101324,2014-06-27,Transcript Levels of Major Interleukins in Relation to the Clinicopathological Profile of Patients with Tuberculous Intervertebral Discs and Healthy Controls,10.5061/DRYAD.54P68,10.5061
10.1371/journal.pone.0101016,2014-07-01,Demonstrating the Potential for Dynamic Auditory Stimulation to Contribute to Motion Sickness,10.5061/DRYAD.1CN5P,10.5061
10.1371/journal.pone.0098986,2014-07-07,Some Limitations of Public Sequence Data for Phylogenetic Inference (in Plants),10.5061/DRYAD.450QQ,10.5061
10.1371/journal.pone.0101700,2014-07-07,Do the Historical Biogeography and Evolutionary History of the Digenean Margotrema spp. across Central Mexico Mirror Those of Their Freshwater Fish Hosts (Goodeinae)?,10.5061/DRYAD.BQ7Q0,10.5061
10.1371/journal.pone.0101710,2014-07-07,CRISPR-Induced Distributed Immunity in Microbial Populations,10.5061/DRYAD.2VM20,10.5061
10.1371/journal.pbio.1001901,2014-07-08,An Immunological Marker of Tolerance to Infection in Wild Rodents,10.5061/DRYAD.BK537,10.5061
10.1371/journal.pone.0101924,2014-07-08,Rapid MALDI-TOF Mass Spectrometry Strain Typing during a Large Outbreak of Shiga-Toxigenic Escherichia coli,10.5061/DRYAD.BQ64J,10.5061
10.1371/journal.pone.0101821,2014-07-09,AFLPs and Mitochondrial Haplotypes Reveal Local Adaptation to Extreme Thermal Environments in a Freshwater Gastropod,10.5061/DRYAD.3ND75,10.5061
10.1371/journal.pgen.1004459,2014-07-10,Activation of the Arabidopsis thaliana Immune System by Combinations of Common ACD6 Alleles,10.5061/DRYAD.2NK64,10.5061
10.1371/journal.pone.0102480,2014-07-11,The Impact of Resources for Clinical Surveillance on the Control of a Hypothetical Foot-and-Mouth Disease Epidemic in Denmark,10.5061/DRYAD.130PG,10.5061
10.1371/journal.pone.0102660,2014-07-15,Geographic Variation in Age Structure and Longevity in the Nine-Spined Stickleback (Pungitius pungitius),10.5061/DRYAD.V4B63,10.5061
10.1371/journal.pone.0102255,2014-07-16,Prenatal Alcohol Exposure Increases Postnatal Acceptability of Nicotine Odor and Taste in Adolescent Rats,10.5061/DRYAD.32875,10.5061
10.1371/journal.pone.0102355,2014-07-16,Three-Dimensional Reconstructions Come to Life – Interactive 3D PDF Animations in Functional Morphology,10.5061/DRYAD.56KF4,10.5061
10.1371/journal.pone.0102498,2014-07-16,Sediment and Turbidity Associated with Offshore Dredging Increase Coral Disease Prevalence on Nearby Reefs,10.5061/DRYAD.19NP6,10.5061
10.1371/journal.pone.0100587,2014-07-18,Stepwise Threshold Clustering: A New Method for Genotyping MHC Loci Using Next-Generation Sequencing Technology,10.5061/DRYAD.4FN4G,10.5061
10.1371/journal.pone.0100628,2014-07-18,Quantitative Analysis of Long-Form Aromatase mRNA in the Male and Female Rat Brain,10.5061/DRYAD.PR1JF,10.5061
10.1371/journal.pone.0103107,2014-07-22,Age-Related Differences in Bitter Taste and Efficacy of Bitter Blockers,10.5061/DRYAD.1JB04,10.5061
10.1371/journal.pone.0103302,2014-07-22,Online Spatial Normalization for Real-Time fMRI,10.5061/DRYAD.1642B,10.5061
10.1371/journal.pone.0102771,2014-07-23,Temporal and Contextual Consistency of Leadership in Homing Pigeon Flocks,10.5441/001/1.33159H1H/1,10.5441
10.1371/journal.pone.0103256,2014-07-24,Low-Intensity Agricultural Landscapes in Transylvania Support High Butterfly Diversity: Implications for Conservation,10.5061/DRYAD.97S1K,10.5061
10.1371/journal.pone.0103535,2014-07-29,Personality Predicts Social Dominance in Male Domestic Fowl,10.5061/DRYAD.885G3,10.5061
10.1371/journal.pone.0103709,2014-08-01,Marine Communities on Oil Platforms in Gabon,10.5061/DRYAD.9P91H,10.5061
10.1371/journal.pbio.1001931,2014-08-12,Adaptive Evolution and Environmental Durability Jointly Structure Phylodynamic Patterns in Avian Influenza Viruses,10.5061/DRYAD.8CT18,10.5061
10.1371/journal.pone.0104979,2014-08-15,Reporting Tumor Molecular Heterogeneity in Histopathological Diagnosis,10.5061/DRYAD.HF93M,10.5061
10.1371/journal.pone.0104340,2014-08-19,Conservation Genetics of the Philippine Tarsier: Cryptic Genetic Variation Restructures Conservation Priorities for an Island Archipelago Primate,10.5061/DRYAD.R7468,10.5061
10.1371/journal.pone.0105772,2014-08-21,Hydrogen Sulfide Regulates Cardiovascular Function by Influencing the Excitability of Subfornical Organ Neurons,10.5061/DRYAD.92CR7,10.5061
10.1371/journal.pone.0105941,2014-08-22,Optogenetic Recruitment of Dorsal Raphe Serotonergic Neurons Acutely Decreases Mechanosensory Responsivity in Behaving Mice,10.5061/DRYAD.NH437,10.5061
10.1371/journal.pone.0106002,2014-08-22,Short-Term Dispersal Response of an Endangered Australian Lizard Varies with Time of Year,10.5061/DRYAD.87DS0,10.5061
10.1371/journal.pone.0105946,2014-08-25,Implicit Racial Attitudes Influence Perceived Emotional Intensity on Other-Race Faces,10.5061/DRYAD.HF823,10.5061
10.1371/journal.pone.0105150,2014-08-26,Modeling Spatial Patterns of Soil Respiration in Maize Fields from Vegetation and Soil Property Factors with the Use of Remote Sensing and Geographical Information System,10.5061/DRYAD.12528,10.5061
10.1371/journal.pone.0105807,2014-08-28,Comparison and Optimization of hiPSC Forebrain Cortical Differentiation Protocols,10.5061/DRYAD.DP094,10.5061
10.1371/journal.pone.0106104,2014-08-29,Indirect Genetic Effects from Competition in the Clonal Herb Sedum album (Crassulaceae),10.5061/DRYAD.R6S20,10.5061
